Date,returns
2016-09-15,0.012157666956185365
2016-09-16,-0.0037319740672858703
2016-09-19,-0.004135704558760889
2016-09-20,0.007457239310695307
2016-09-21,0.006235325584453166
2016-09-22,0.014158200966383205
2016-09-23,-0.0003937852951472198
2016-09-26,-0.016126697503964116
2016-09-27,0.01136661391035676
2016-09-28,-0.0018520134166465363
2016-09-29,-0.008380515304380887
2016-09-30,0.00294199514473914
2016-10-03,-0.006085308462597583
2016-10-04,0.0050091276240424865
2016-10-05,5.177885666918236e-05
2016-10-06,0.0005020900415468876
2016-10-07,-0.0022910861086522516
2016-10-10,0.014011295325656592
2016-10-11,-0.0036518051868843493
2016-10-12,0.003920511824382578
2016-10-13,-0.01011255350523721
2016-10-14,0.0004366505812589683
2016-10-17,0.0018369505335109615
2016-10-18,0.019616339016724327
2016-10-19,0.007846634671815123
2016-10-20,-0.005651949854956095
2016-10-21,0.0030113938573055332
2016-10-24,0.017188617921584326
2016-10-25,-0.006690536995252128
2016-10-26,-0.01064779294518281
2016-10-27,-0.004655287524725771
2016-10-28,2.5079890101586955e-05
2016-10-31,-0.013616198994931716
2016-11-01,-0.001185474307524359
2016-11-02,-0.019027350950861388
2016-11-03,-0.008547065921154506
2016-11-04,-0.0001442046165486266
2016-11-07,0.026902234169921657
2016-11-08,0.010210610574709955
2016-11-09,-0.006578135267832574
2016-11-10,-0.028969456201045074
2016-11-11,-0.011199197676655781
2016-11-14,-0.023792283817171578
2016-11-15,0.03044502368002089
2016-11-16,0.00789712034442136
2016-11-17,0.008829484552658418
2016-11-18,-0.013860948327695577
2016-11-21,0.011386614462194355
2016-11-22,-0.0012088159761156625
2016-11-23,-0.009476024286177998
2016-11-25,0.0009070061621161418
2016-11-28,0.00861228934274938
2016-11-29,0.0033843625986780257
2016-11-30,-0.016605363664647932
2016-12-01,-0.013349988900239862
2016-12-02,0.003449537475297637
2016-12-05,0.016016060495106288
2016-12-06,-0.004472095837002699
2016-12-07,0.01591333593738109
2016-12-08,0.0067818807767550116
2016-12-09,0.016576088897283014
2016-12-12,-2.5370024242965528e-05
2016-12-13,0.008653349342875316
2016-12-14,0.0012184698553265871
2016-12-15,0.0009786140745342564
2016-12-16,-0.008836273094596225
2016-12-19,0.004299410620594024
2016-12-20,0.0027953663984856547
2016-12-21,-0.002335582107963474
2016-12-22,-0.004153153433463785
2016-12-23,-0.0017060720513706329
2016-12-27,0.002076174363546457
2016-12-28,-0.008211890296408009
2016-12-29,-0.002878667166212545
2016-12-30,-0.014013988309230396
2017-01-03,0.01855344904679246
2017-01-04,0.000966846444524716
2017-01-05,0.009048297683111661
2017-01-06,0.015276442739043494
2017-01-09,0.0006204127053337505
2017-01-10,-0.0023057710154558153
2017-01-11,0.0038765231487993823
2017-01-12,-0.0019183842102985516
2017-01-13,0.0018851085687674463
2017-01-17,-0.004047783676373262
2017-01-18,0.0018147392356884229
2017-01-19,-0.004832321981542487
2017-01-20,0.0035466944147508617
2017-01-23,0.01775106660524628
2017-01-24,0.005565750046131468
2017-01-25,0.01432266884341371
2017-01-26,-0.0042122397429358305
2017-01-27,-0.010623132256659229
2017-01-30,-0.025494488512480262
2017-01-31,-0.006892729243362483
2017-02-01,-0.001374001589453555
2017-02-02,0.0035627038490810836
2017-02-03,0.003706783965374383
2017-02-06,-0.00018699455736292947
2017-02-07,0.00702562112353422
2017-02-08,0.0017474919053235283
2017-02-09,0.0014594827987008951
2017-02-10,0.005076724042223146
2017-02-13,0.006845803170073106
2017-02-14,0.0014769875358082718
2017-02-15,-0.0017919059246104263
2017-02-16,0.006324917851675771
2017-02-17,0.004744384487834541
2017-02-21,0.004335536180684274
2017-02-22,-0.0010823768618053453
2017-02-23,0.0006861183362691925
2017-02-24,-0.0032358208180898185
2017-02-27,0.0007722662990570228
2017-02-28,-0.0073195845554853145
2017-03-01,0.01461370038387133
2017-03-02,-0.005519348702652915
2017-03-03,-0.0018660961502193762
2017-03-06,-0.0015681438920883695
2017-03-07,0.004989358559555956
2017-03-08,0.00415906716914316
2017-03-09,0.003962430344698786
2017-03-10,0.005448866143445974
2017-03-13,0.0027158790973482727
2017-03-14,9.445582559730603e-05
2017-03-15,0.0018686279077944068
2017-03-16,0.001864960835822549
2017-03-17,0.003934851597160449
2017-03-20,-0.004365646729321493
2017-03-21,-0.021145609913897356
2017-03-22,-0.0010474944850041856
2017-03-23,-0.01447708033121986
2017-03-24,-0.003852995350161259
2017-03-27,0.0062376976822586805
2017-03-28,0.0017205639818518303
2017-03-29,0.012778303415750258
2017-03-30,0.00010819614516033305
2017-03-31,-0.0023330048589448316
2017-04-03,0.010837058007244993
2017-04-04,-0.004746270567639321
2017-04-05,-0.0037864609864676213
2017-04-06,-0.004245957628055241
2017-04-07,-0.0038772493986393153
2017-04-10,7.27514184892808e-05
2017-04-11,-0.0016733476683979953
2017-04-12,0.0011782363029795295
2017-04-13,-0.0009220649134072945
2017-04-17,0.016525796289670547
2017-04-18,-0.00041812339046642943
2017-04-19,0.0016611366006678008
2017-04-20,0.0041041021634491415
2017-04-21,0.0018296753856639203
2017-04-24,0.023209464455361095
2017-04-25,0.011057586216500548
2017-04-26,-0.000653444502775602
2017-04-27,0.0028909596153563477
2017-04-28,0.03627094500220451
2017-05-01,0.007296069439708619
2017-05-02,0.004240692554178471
2017-05-03,0.011566689547648945
2017-05-04,0.004983512769202614
2017-05-05,-0.004862329343350402
2017-05-08,0.007733556359339699
2017-05-09,-0.0022796675172314096
2017-05-10,-0.003636634031478514
2017-05-11,0.001959370732611765
2017-05-12,0.001740859329876443
2017-05-15,0.005213254167083958
2017-05-16,0.006317697096714481
2017-05-17,-0.024793372230374477
2017-05-18,0.011548299382624583
2017-05-19,0.004052758804345524
2017-05-22,0.008404446463748494
2017-05-23,0.007389866676086765
2017-05-24,0.006471105962351231
2017-05-25,0.015267582511392375
2017-05-26,0.001990750765884286
2017-05-30,0.004539480198598733
2017-05-31,-0.011292444131850599
2017-06-01,0.0021662758605716093
2017-06-02,0.00894553452460034
2017-06-05,0.008282044867444327
2017-06-06,-0.00722789877950869
2017-06-07,0.004474842977104654
2017-06-08,0.0025180699706572884
2017-06-09,-0.03414656227584545
2017-06-12,-0.007296153347171819
2017-06-13,0.011135916583910666
2017-06-14,-0.0027690909063002866
2017-06-15,-0.008887656528531629
2017-06-16,-0.0026846406629682518
2017-06-19,0.018717029808290375
2017-06-20,-0.007040069582560093
2017-06-21,0.009278154071703293
2017-06-22,-0.0024600026810706055
2017-06-23,0.008881180623194762
2017-06-26,-0.013794612309331988
2017-06-27,-0.026190098380182825
2017-06-28,0.014191420649457998
2017-06-29,-0.024136617126323867
2017-06-30,-0.009871371336427681
2017-07-03,-0.01103740617225868
2017-07-05,0.014476493405514823
2017-07-06,-0.005506155598292373
2017-07-07,0.013124730254272965
2017-07-10,0.01111453559745157
2017-07-11,0.001389001868116635
2017-07-12,0.014772752678965384
2017-07-13,0.003528304979896646
2017-07-14,0.009322635340066387
2017-07-17,-0.0026882770769456332
2017-07-18,0.012565215122460671
2017-07-19,0.005686813300780136
2017-07-20,-0.002822251315379498
2017-07-21,0.0049270245738690654
2017-07-24,0.0076263757454320125
2017-07-25,-0.030234394094028394
2017-07-26,-0.0030502843667357116
2017-07-27,-0.014465025715799884
2017-07-28,0.007964922744734704
2017-07-31,-0.011714980518249818
2017-08-01,0.0003545824861579394
2017-08-02,-0.00047260906931179125
2017-08-03,-0.007244304342236663
2017-08-04,0.00466627137634168
2017-08-07,0.0015085275879369586
2017-08-08,-0.0027651420886248834
2017-08-09,-0.004197232359541281
2017-08-10,-0.01696834618250176
2017-08-11,0.007881117186859354
2017-08-14,0.009055273300630606
2017-08-15,-0.00048780691393679465
2017-08-16,0.005139922096528915
2017-08-17,-0.0172394096205728
2017-08-18,-0.0003403683451690398
2017-08-21,-0.00440329165206399
2017-08-22,0.019886309097565613
2017-08-23,0.0024980058513903725
2017-08-24,-0.0061702162836649865
2017-08-25,-0.005850643975448433
2017-08-28,-0.002271084473108087
2017-08-29,0.008185513355630558
2017-08-30,0.008987454680272844
2017-08-31,0.010499480519050142
2017-09-01,-0.0021185645087683502
2017-09-05,-0.00948431005239092
2017-09-06,-0.000689246305970781
2017-09-07,0.008773386122623572
2017-09-08,-0.010096703745212987
2017-09-11,0.002784566661061083
2017-09-12,0.0032184188556818594
2017-09-13,0.0032399888879726113
2017-09-14,-0.01067281048754376
2017-09-15,-0.005210280198770678
2017-09-18,-0.005748061906840185
2017-09-19,0.007442494293198321
2017-09-20,0.010598897266191676
2017-09-21,0.0009337095177937016
2017-09-22,-0.004204050620406963
2017-09-25,-0.008141763008249536
2017-09-26,0.0042238403756458265
2017-09-27,0.021224900454541507
2017-09-28,0.005304373600772738
2017-09-29,0.010121170311266248
2017-10-02,-0.006088991394565979
2017-10-03,0.004741600582865768
2017-10-04,-0.006379383338338873
2017-10-05,0.019208178155868616
2017-10-06,0.009206480584829313
2017-10-09,-0.0019307449496935858
2017-10-10,-0.0045033810042584
2017-10-11,0.017118962799240967
2017-10-12,-0.0014355406512819302
2017-10-13,0.0018727294033096253
2017-10-16,0.002344395842592162
2017-10-17,0.00018143923939928364
2017-10-18,0.0006351161970776786
2017-10-19,-0.008420769934427974
2017-10-20,0.003809326215059805
2017-10-23,-0.019985807814742462
2017-10-24,0.0021580862386751942
2017-10-25,0.0028745318887033466
2017-10-26,-0.0007911106947278146
2017-10-27,0.04802806160629647
2017-10-30,-0.0021190947094414936
2017-10-31,-0.00046227656632624736
2017-11-01,0.008715121465272535
2017-11-02,7.788023371890773e-05
2017-11-03,0.0067279677305063235
2017-11-06,-0.0063729929987782485
2017-11-07,0.007242365344870327
2017-11-08,0.00630976474441125
2017-11-09,-0.00826084831176066
2017-11-10,-0.003093328991818911
2017-11-13,-0.0022567016900916226
2017-11-14,0.00024372002350703248
2017-11-15,-0.004960888564141452
2017-11-16,0.011352533951572097
2017-11-17,-0.01298801562410834
2017-11-20,-0.0006965644492157308
2017-11-21,0.01581918536886251
2017-11-22,0.0014210794292424112
2017-11-24,0.004488544494883007
2017-11-27,0.013069378567468481
2017-11-28,-0.006450496321840027
2017-11-29,-0.024584407460727875
2017-11-30,-0.00024462031308991605
2017-12-01,-0.011004499928405576
2017-12-04,-0.011374272878098668
2017-12-05,0.006478560051959237
2017-12-06,0.013162198673566383
2017-12-07,0.012323498956504642
2017-12-08,0.005936356532509679
2017-12-11,0.0039053022502386625
2017-12-12,-0.000595582040334941
2017-12-13,0.00012502018902105227
2017-12-14,0.008206708548498698
2017-12-15,0.014335514643830649
2017-12-18,0.012168688859110599
2017-12-19,-0.005997217610209327
2017-12-20,-0.005351697960493729
2017-12-21,-0.0012395549057735433
2017-12-22,-0.0032999758732619178
2017-12-26,-0.0031884883431179123
2017-12-27,-0.006974303001521576
2017-12-28,-0.0011719420572705586
2017-12-29,-0.0016601173361204813
2018-01-02,0.017775269112718206
2018-01-03,0.01641313510738529
2018-01-04,0.003621161969233011
2018-01-05,0.014571049747225562
2018-01-08,0.004273179093340573
2018-01-09,-0.000614217920315685
2018-01-10,-0.0032994472748770765
2018-01-11,0.0026391175290545466
2018-01-12,0.015142210587467453
2018-01-16,-0.00044524761648756517
2018-01-17,0.009110495655425765
2018-01-18,-0.0019347014449367927
2018-01-19,0.006833185645340523
2018-01-22,0.016087689927972715
2018-01-23,0.012251180892910218
2018-01-24,-0.004897458354850781
2018-01-25,0.005265087786413325
2018-01-26,0.0046738233908723
2018-01-29,-0.0002210597861594943
2018-01-30,-0.01011419820298598
2018-01-31,0.0053709544359366035
2018-02-01,-0.001914782659298453
2018-02-02,-0.047786157607561885
2018-02-05,-0.05045426892684446
2018-02-06,0.023489399497561347
2018-02-07,-0.029631708133572632
2018-02-08,-0.044879864784349466
2018-02-09,0.03620499089776774
2018-02-12,0.013644472061508095
2018-02-13,0.00015221160385414656
2018-02-14,0.01672843023517978
2018-02-15,0.01852868894418669
2018-02-16,0.004845981360707574
2018-02-20,0.006996845120066153
2018-02-21,0.008054653639205211
2018-02-22,-0.004238149988901485
2018-02-23,0.018217482762040493
2018-02-26,0.01505165207419279
2018-02-27,-0.022260095483714548
2018-02-28,-0.012125793433416021
2018-03-01,-0.03187188224472659
2018-03-02,0.008788869956553258
2018-03-05,0.011131755083114037
2018-03-06,0.00378549025067354
2018-03-07,0.013314417128617695
2018-03-08,0.014743533506276663
2018-03-09,0.03023091975981229
2018-03-12,0.003844654168680295
2018-03-13,-0.022610597983270253
2018-03-14,0.009945902244021143
2018-03-15,7.818974983964111e-05
2018-03-16,-0.0120477835340973
2018-03-19,-0.03161840989838516
2018-03-20,-0.0019185866071198543
2018-03-21,-0.006222029388252448
2018-03-22,-0.03831773629109514
2018-03-23,-0.02622306249620543
2018-03-26,0.030972115649496645
2018-03-27,-0.04567941652238383
2018-03-28,-0.0005372999741464213
2018-03-29,0.02710645193985073
2018-04-02,-0.024539920804580895
2018-04-03,0.006895427122243003
2018-04-04,0.011574866945572193
2018-04-05,0.0026043820723011812
2018-04-06,-0.020207924747190242
2018-04-09,0.00835103292935524
2018-04-10,0.015943634586524258
2018-04-11,-0.011311950836716655
2018-04-12,0.012294472018111735
2018-04-13,-0.003138068681709072
2018-04-16,0.008462418247468184
2018-04-17,0.0348562355577231
2018-04-18,-0.0019364558827842382
2018-04-19,0.014569629100206871
2018-04-20,-0.013551293739855197
2018-04-23,-0.005135394860642961
2018-04-24,-0.04447047778629787
2018-04-25,0.0011764889766359143
2018-04-26,0.0184687278833211
2018-04-27,-0.00960530149906269
2018-04-30,-0.012348970727197095
2018-05-01,0.01963967024885771
2018-05-02,-0.012464863799729442
2018-05-03,-0.0006443234055401037
2018-05-04,0.02392251879372309
2018-05-07,0.006277356806339229
2018-05-08,-0.0008344271742877218
2018-05-09,0.02737450029029831
2018-05-10,0.01367791673154306
2018-05-11,0.000628653756120201
2018-05-14,0.0017664738412153103
2018-05-15,-0.01906016680017275
2018-05-16,0.002353535920110561
2018-05-17,-0.0029396399158247988
2018-05-18,-0.011338878349530845
2018-05-21,0.012397432270504716
2018-05-22,-0.009123949599015635
2018-05-23,0.009310701258761211
2018-05-24,-0.00041686488078152006
2018-05-25,-0.00331704213354278
2018-05-29,-0.014261160818967777
2018-05-30,0.007054478233947226
2018-05-31,0.016098614689682877
2018-06-01,0.0318066472942764
2018-06-04,0.017677695895061074
2018-06-05,0.0003246851794229677
2018-06-06,-0.0024392478939481155
2018-06-07,-0.011452359953416646
2018-06-08,-0.002660623356812386
2018-06-11,0.008136601065576787
2018-06-12,0.008256590410724796
2018-06-13,-0.003975954321647435
2018-06-14,0.015271513980144702
2018-06-15,0.00012152912517682246
2018-06-18,0.018398597170881104
2018-06-19,-0.0046017250726219094
2018-06-20,0.001523834416015557
2018-06-21,-0.010411695427953727
2018-06-22,-0.0018831360595408242
2018-06-25,-0.026543086074168
2018-06-26,-0.005645276199698235
2018-06-27,-0.012946477111212662
2018-06-28,0.00927550362361207
2018-06-29,0.0012835175444938507
2018-07-02,0.010585783650975733
2018-07-03,-0.021792330407419458
2018-07-05,0.01938532132835058
2018-07-06,0.01414257496660798
2018-07-09,0.012173559207728335
2018-07-10,-0.0010484879110564949
2018-07-11,0.0009195171933480406
2018-07-12,0.025634725979108097
2018-07-13,0.00451233037762977
2018-07-16,-0.0041724162504291895
2018-07-17,0.012619722414768386
2018-07-18,-0.002435646214292486
2018-07-19,-0.007458992126712416
2018-07-20,-0.001727059236048989
2018-07-23,0.01737684374457671
2018-07-24,0.03532144277502436
2018-07-25,0.012515254999539316
2018-07-26,0.00366378746863516
2018-07-27,-0.02351910245840594
2018-07-30,-0.015147297853099984
2018-07-31,-0.002033228873655868
2018-08-01,0.0022590709242609197
2018-08-02,0.00503273966873663
2018-08-03,-0.0019898750034389456
2018-08-06,0.0008662012101767758
2018-08-07,0.014247534739582512
2018-08-08,0.0027288923139972
2018-08-09,0.0028019070973279714
2018-08-10,-0.009198459101181777
2018-08-13,-0.0021009496309756237
2018-08-14,0.005740837642952634
2018-08-15,-0.022316949530983843
2018-08-16,-0.0064972384184047716
2018-08-17,-0.004583561570906003
2018-08-20,0.005670430151589745
2018-08-21,-0.005091905673963448
2018-08-22,0.00475179714624252
2018-08-23,-0.0016151199570559882
2018-08-24,0.012668140318432553
2018-08-27,0.017343290354885132
2018-08-28,-0.00859231430593077
2018-08-29,0.014742343663808777
2018-08-30,-0.008148481411527242
2018-08-31,-0.0168909150622375
2018-09-04,-0.017394810702191732
2018-09-05,-0.008788640511312895
2018-09-06,-0.012676175556362468
2018-09-07,-0.00564258360047265
2018-09-10,-0.0001631138439420754
2018-09-11,0.010921879793325484
2018-09-12,-0.012349628925671263
2018-09-13,0.01075835711138251
2018-09-14,-0.0023823874356829755
2018-09-17,-0.014055149025724245
2018-09-18,0.004472231393638726
2018-09-19,0.008499732117997594
2018-09-20,0.013474496288855997
2018-09-21,-0.01750803895869446
2018-09-24,0.006243011831169154
2018-09-25,0.00961320533842036
2018-09-26,-0.0035114983318221826
2018-09-27,0.011986568143770748
2018-09-28,-0.0009794689309527982
2018-10-01,0.001541789981256203
2018-10-02,0.004015678698281899
2018-10-03,0.002366374051900655
2018-10-04,-0.028895414691660903
2018-10-05,-0.009279513840816267
2018-10-08,-0.007240629777144014
2018-10-09,-0.008834011675588616
2018-10-10,-0.05057867255863335
2018-10-11,-0.0017572019708812503
2018-10-12,0.028499384942066053
2018-10-15,-0.016062001782909285
2018-10-16,0.026578318124277356
2018-10-17,-0.004985388707766991
2018-10-18,-0.024845642760712217
2018-10-19,0.007803593828310529
2018-10-22,0.00428632327614098
2018-10-23,0.0022976422781286754
2018-10-24,-0.048002480853667095
2018-10-25,0.04269478750058009
2018-10-26,-0.021997425821182914
2018-10-29,-0.04796220986712174
2018-10-30,0.015812299078976855
2018-10-31,0.039142655148035166
2018-11-01,-0.006287311308419974
2018-11-02,-0.011411049489052583
2018-11-05,-0.016733240730075538
2018-11-06,0.015114159058358334
2018-11-07,0.03559353227367357
2018-11-08,-0.010051339687904615
2018-11-09,-0.015012896221085925
2018-11-12,-0.025812453894077714
2018-11-13,-0.0024840204128802057
2018-11-14,0.007345138006140228
2018-11-15,0.020169345549504447
2018-11-16,-0.0030242123615114025
2018-11-19,-0.0390865509005619
2018-11-20,0.005646975819741273
2018-11-21,0.011552486652029126
2018-11-23,-0.013232308199892295
2018-11-26,0.024162944640410133
2018-11-27,-0.004014906234514393
2018-11-28,0.04004182334936912
2018-11-29,0.00190565028108991
2018-11-30,0.0056326908656627594
2018-12-03,0.010964638511256508
2018-12-04,-0.050260790502438035
2018-12-06,0.01704388043572913
2018-12-07,-0.030082388915344205
2018-12-10,0.0028650329566834998
2018-12-11,0.011735962078993412
2018-12-12,0.011342873160755662
2018-12-13,-0.0016732975880475731
2018-12-14,-0.01864600242733827
2018-12-17,-0.024536961900108012
2018-12-18,0.011982032368587303
2018-12-19,-0.005540916950257158
2018-12-20,-0.013294075089296586
2018-12-21,-0.029591573582371966
2018-12-24,-0.0033892985220576044
2018-12-26,0.06478032266142097
2018-12-27,0.0042523384082509
2018-12-28,-0.006514181900707183
2018-12-31,-0.0014175303380677962
2019-01-02,0.009887863721532275
2019-01-03,-0.028483874604616655
2019-01-04,0.053786228718890605
2019-01-07,-0.0021667586296486574
2019-01-08,0.007384836302218645
2019-01-09,-0.0015052251025320373
2019-01-10,-0.004029277279249177
2019-01-11,-0.012276400557341804
2019-01-14,-0.011823889437775126
2019-01-15,0.03107144084086655
2019-01-16,0.0035464162248541875
2019-01-17,0.008261165397864811
2019-01-18,0.0076703529661166225
2019-01-22,-0.025258121519515342
2019-01-23,0.0047173120026704485
2019-01-24,-0.0015525474143841533
2019-01-25,0.01591386479665835
2019-01-28,-0.019166078624549
2019-01-29,-0.008840409979680608
2019-01-30,0.02681449173870165
2019-01-31,0.02507667111273193
2019-02-01,-0.005034152013991933
2019-02-04,0.019851311389556425
2019-02-05,0.011643930752792908
2019-02-06,-0.02684151505942356
2019-02-07,-0.014813136938991334
2019-02-08,-0.003322120106071247
2019-02-11,-4.557443729813482e-05
2019-02-12,0.024072699041887358
2019-02-13,-0.0010789752907790495
2019-02-14,0.0013480788930393395
2019-02-15,-0.007150092199894376
2019-02-19,0.00440902873704152
2019-02-20,-0.004255548269344267
2019-02-21,-0.015110405867255206
2019-02-22,0.012215429319810678
2019-02-25,-0.0008733960053231016
2019-02-26,0.005164705338412512
2019-02-27,0.0008251209157481565
2019-02-28,0.003467522717663263
2019-03-01,0.018813880616465495
2019-03-04,0.005968600587126671
2019-03-05,0.012397533510560388
2019-03-06,-0.003588468782349641
2019-03-07,-0.012575040368745127
2019-03-08,-0.0008570645616232664
2019-03-11,0.029273672235814008
2019-03-12,0.014832974853671299
2019-03-13,0.00010043395083214612
2019-03-14,-0.00651115811756886
2019-03-15,-0.0009194176817798327
2019-03-18,-0.00016886349600364614
2019-03-19,0.012320077488723324
2019-03-20,0.020953247791631657
2019-03-21,0.006184948023859604
2019-03-22,-0.02114431710909892
2019-03-25,-0.010369158871041173
2019-03-26,-0.007024260285812156
2019-03-27,-0.009792108827792578
2019-03-28,-0.0038619899782997846
2019-03-29,0.004125052531227302
2019-04-01,0.018000247201863218
2019-04-02,0.005073655896437268
2019-04-03,0.004523069366689558
2019-04-04,0.007529604653285116
2019-04-05,-0.006460961629581985
2019-04-08,-0.002741819552481428
2019-04-09,-0.005474340830672664
2019-04-10,0.0041012253564634005
2019-04-11,0.002046112945972789
2019-04-12,0.010999455471235375
2019-04-15,0.002652233055019604
2019-04-16,0.00493805435877448
2019-04-17,0.0075053395955131386
2019-04-18,2.4232369611798532e-05
2019-04-22,0.010085965518485063
2019-04-23,0.012579793909545334
2019-04-24,-0.006761233224968244
2019-04-25,0.005931440540881905
2019-04-26,0.006909638217482472
2019-04-29,0.012105146891050245
2019-04-30,-0.07696597346882461
2019-05-01,-0.017164841880091264
2019-05-02,-0.004682985764910108
2019-05-03,0.019602359127482316
2019-05-06,0.003366015895796881
2019-05-07,-0.012855285185845666
2019-05-08,-0.006668910058990729
2019-05-09,-0.003335511662602375
2019-05-10,0.0016260292962231304
2019-05-13,-0.027691159733640003
2019-05-14,-0.010238238887115503
2019-05-15,0.03906499550420439
2019-05-16,0.012686853895211181
2019-05-17,-0.01414777175665094
2019-05-20,-0.020175715444640252
2019-05-21,0.009465630662884195
2019-05-22,0.0015571065807062912
2019-05-23,-0.009249387035219603
2019-05-24,-0.00639926783723499
2019-05-28,0.0005999094530142468
2019-05-29,-0.015597529547977884
2019-05-30,0.0013345419125905256
2019-05-31,-0.012809091063155975
2019-06-03,-0.06107116979452498
2019-06-04,0.016231876043924398
2019-06-05,-0.010284405849734446
2019-06-06,0.002034005467761446
2019-06-07,0.020778783854231708
2019-06-10,0.013451747531516345
2019-06-11,-0.0015366529437674803
2019-06-12,-0.0015665768382664425
2019-06-13,0.010900365857853034
2019-06-14,-0.003141228003905816
2019-06-17,0.006587654456249981
2019-06-18,0.010160267099848852
2019-06-19,-0.001150712490551764
2019-06-20,0.008246131075937635
2019-06-21,0.009411527470182035
2019-06-24,-0.0056692861277031215
2019-06-25,-0.02614912821280413
2019-06-26,-0.006029319538905842
2019-06-27,-0.003509966933802011
2019-06-28,0.004553813004213092
2019-07-01,0.01576434699219531
2019-07-02,0.01211361936922084
2019-07-03,0.009295770821401206
2019-07-05,0.00892490873001539
2019-07-08,-0.013467743746771399
2019-07-09,0.007596310737871148
2019-07-10,0.013913074795623537
2019-07-11,0.0032705439674127756
2019-07-12,0.0006031633870065001
2019-07-15,0.004751429337144897
2019-07-16,0.002816500644572173
2019-07-17,-0.00626731960091953
2019-07-18,-1.7535067952434424e-05
2019-07-19,-0.014158236809265756
2019-07-22,0.00705259507911693
2019-07-23,0.00715228785371802
2019-07-24,-0.007328538977529497
2019-07-25,-0.005000754387683215
2019-07-26,0.10448559058244222
2019-07-29,-0.00879727374378203
2019-07-30,-0.0115135561816615
2019-07-31,-0.006905303189366663
2019-08-01,-0.0063039803798516925
2019-08-02,-0.0124234538684741
2019-08-05,-0.034899702806406974
2019-08-06,0.015299651282668192
2019-08-07,0.0034529910298857214
2019-08-08,0.026243916852354277
2019-08-09,-0.01393579280497248
2019-08-12,-0.011195377696918252
2019-08-13,0.01920474229760516
2019-08-14,-0.027546031469324328
2019-08-15,0.002550968602725634
2019-08-16,0.008858297914371427
2019-08-19,0.017705441028788682
2019-08-20,-0.013150238080166798
2019-08-21,0.007237678595208852
2019-08-22,-0.0014437416279827753
2019-08-23,-0.03214724549207071
2019-08-26,0.015287184084128214
2019-08-27,-0.000898259894069553
2019-08-28,0.0027230540411906645
2019-08-29,0.01864183500188754
2019-08-30,-0.003982251032639272
2019-09-03,-0.01658932488261955
2019-09-04,0.011143570758526788
2019-09-05,0.025367794360327878
2019-09-06,-0.005324429931806707
2019-09-09,-0.0004315096516328554
2019-09-10,0.0013201544257752662
2019-09-11,0.011749561768665817
2019-09-12,0.011539515392111621
2019-09-13,0.0043020701715916765
2019-09-16,-0.006663615147753155
2019-09-17,-0.0017459925486636996
2019-09-18,0.0026521417829095117
2019-09-19,0.005111899032369971
2019-09-20,-0.0070881162092185646
2019-09-23,0.003333567527159964
2019-09-24,-0.012374153665182241
2019-09-25,0.022777384439106596
2019-09-26,-0.00411557848805022
2019-09-27,-0.013130272791902153
2019-09-30,-0.004971132853124782
2019-10-01,-0.011402749169465598
2019-10-02,-0.023624614166217528
2019-10-03,0.009518628587526834
2019-10-04,0.017822488078390153
2019-10-07,-0.0010918643998695243
2019-10-08,-0.015360077751234269
2019-10-09,0.011083864283770284
2019-10-10,0.005289776681346892
2019-10-11,0.005609471610624306
2019-10-14,0.0013904106967654872
2019-10-15,0.021254762598244215
2019-10-16,0.0005067686986590658
2019-10-17,0.007582569694789765
2019-10-18,-0.00604912080313047
2019-10-21,0.0005299376757428309
2019-10-22,-0.0026883336960175086
2019-10-23,0.01313979209613314
2019-10-24,0.0014771097533099464
2019-10-25,0.003283216579913928
2019-10-28,0.019657967102874485
2019-10-29,-0.02122475468129459
2019-10-30,-0.0010533036422236686
2019-10-31,-0.000935649161179497
2019-11-01,0.010816523283685653
2019-11-04,0.013841083816644506
2019-11-05,0.0005110503531011723
2019-11-06,-0.00017787318393058804
2019-11-07,0.013206392912233467
2019-11-08,0.0019176765409845142
2019-11-11,-0.009287892240575801
2019-11-12,-0.0003001961945745535
2019-11-13,-0.000616108820353789
2019-11-14,0.010369944214601245
2019-11-15,0.017850301298709903
2019-11-18,-0.010615013266602968
2019-11-19,-0.003967865664753711
2019-11-20,-0.009434187615850353
2019-11-21,-0.001304326085777019
2019-11-22,-0.004618330789096792
2019-11-25,0.00876212573677182
2019-11-26,0.005249921786350198
2019-11-27,-0.0004262574595055302
2019-11-29,-0.006115854212920491
2019-12-02,-0.01152516016691807
2019-12-03,0.004155032613163856
2019-12-04,0.019501853825463877
2019-12-05,0.005747401958057008
2019-12-06,0.00940403351099528
2019-12-09,0.0021933833357328236
2019-12-10,0.0008187982879754863
2019-12-11,0.00026736372153801646
2019-12-12,0.003903566358967492
2019-12-13,-0.0018071888516912882
2019-12-16,0.009897421322043076
2019-12-17,-0.004444902626089986
2019-12-18,-0.0018447107927914708
2019-12-19,0.002528538872584196
2019-12-20,-0.004756484876572653
2019-12-23,-0.0005558290949938538
2019-12-24,-0.003914322283350424
2019-12-26,0.012533735876675278
2019-12-27,-0.006255530400430698
2019-12-30,-0.011650388754573693
2019-12-31,0.0006587224933787272
2020-01-02,0.022699675579026968
2020-01-03,-0.0049072249261161716
2020-01-06,0.024657349087054747
2020-01-07,-0.000624325723247221
2020-01-08,0.007880417178787624
2020-01-09,0.011044424930223729
2020-01-10,0.0069727881931374025
2020-01-13,0.006644715131917778
2020-01-14,-0.005801808053585988
2020-01-15,0.005814673862085673
2020-01-16,0.008685234266936348
2020-01-17,0.01976297334399768
2020-01-21,0.0027089169617844355
2020-01-22,0.0010442168721080947
2020-01-23,0.00047113336339466017
2020-01-24,-0.013412740720479044
2020-01-27,-0.02236988662725914
2020-01-28,0.013013593782814192
2020-01-29,0.00417881781459295
2020-01-30,-0.0019128608156682159
2020-01-31,-0.01484361377783272
2020-02-03,0.03605419206893057
2020-02-04,-0.026158599382080316
2020-02-05,0.000801742629971347
2020-02-06,0.019333831663417067
2020-02-07,0.0020323782331226337
2020-02-10,0.01990893986290576
2020-02-11,7.289793594700278e-05
2020-02-12,0.006283160272908317
2020-02-13,-0.002377755401741455
2020-02-14,0.004014201484785707
2020-02-18,-0.0007037509378028384
2020-02-19,0.004619362746066891
2020-02-20,-0.005593638944584978
2020-02-21,-0.02176330022861206
2020-02-24,-0.04277136631375811
2020-02-25,-0.02331187263093537
2020-02-26,0.003406712403825729
2020-02-27,-0.053898331582211245
2020-02-28,0.01611429647884166
2020-03-02,0.03716769845741452
2020-03-03,-0.03435277320341312
2020-03-04,0.033643985595142034
2020-03-05,-0.04866844608605869
2020-03-06,-0.01564013717992674
2020-03-09,-0.06380883856777808
2020-03-10,0.053333385710041536
2020-03-11,-0.05075019264820413
2020-03-12,-0.08268815424581277
2020-03-13,0.09401664825257727
2020-03-16,-0.11100822422289336
2020-03-17,0.03271142908424274
2020-03-18,-0.020539312739503268
2020-03-19,0.016858118524767596
2020-03-20,-0.0385281740721346
2020-03-23,-0.014641136586351022
2020-03-24,0.07366883236156951
2020-03-25,-0.028180847687469313
2020-03-26,0.05375128650296057
2020-03-27,-0.04393388223091421
2020-03-30,0.032510799697677895
2020-03-31,0.013942859506770766
2020-04-01,-0.04918255699462548
2020-04-02,0.013765976244410671
2020-04-03,-0.020484662167779888
2020-04-06,0.08110185314573459
2020-04-07,-0.00034539752445428284
2020-04-08,0.020033552069806948
2020-04-09,0.0009665570866217443
2020-04-13,0.005043634254601637
2020-04-14,0.04243736378067675
2020-04-15,-0.005325984124111005
2020-04-16,0.0007920236634684219
2020-04-17,0.015655369618236215
2020-04-20,-0.01296717158607441
2020-04-21,-0.03968870128432911
2020-04-22,0.03853368236069876
2020-04-23,0.010370451571971362
2020-04-24,0.0023506073870767086
2020-04-27,-0.0026812609909395713
2020-04-28,-0.03308306023377694
2020-04-29,0.08738956885335525
2020-04-30,0.005352488617278217
2020-05-01,-0.020798689029070117
2020-05-04,0.004687327594592672
2020-05-05,0.018322378147721974
2020-05-06,-0.002819797132845192
2020-05-07,0.018748530179943046
2020-05-08,0.011518707224001723
2020-05-11,0.010724750234371916
2020-05-12,-0.019611493463805085
2020-05-13,-0.01919698629136979
2020-05-14,0.00503949944275095
2020-05-15,0.012579986490451223
2020-05-18,0.007828355654954766
2020-05-19,-0.007554296821436601
2020-05-20,0.02419742923902768
2020-05-21,-0.0027867265095653515
2020-05-22,0.005432118069262026
2020-05-26,0.0046793569665597445
2020-05-27,0.0005788391410919136
2020-05-28,-0.0007828548061810103
2020-05-29,0.008604341626904377
2020-06-01,0.0020294921526555765
2020-06-02,0.005168289453470809
2020-06-03,-0.0019734418542626253
2020-06-04,-0.016847798986288187
2020-06-05,0.01856004568921965
2020-06-08,0.005714600244629997
2020-06-09,0.006601679169040198
2020-06-10,0.006654325623707491
2020-06-11,-0.04230313865759072
2020-06-12,0.006653257816291447
2020-06-15,0.0047198119835831776
2020-06-16,0.01610760461801153
2020-06-17,0.00582193795477548
2020-06-18,-0.010446853551179691
2020-06-19,-0.0029526702808254646
2020-06-22,0.014066987179935486
2020-06-23,0.008643874778078597
2020-06-24,-0.022151951992130492
2020-06-25,0.006536325955544431
2020-06-26,-0.056496487437791676
2020-06-29,0.025788404732382197
2020-06-30,0.01336252849537245
2020-07-01,0.017282188353668015
2020-07-02,0.01853894541016543
2020-07-06,0.021164809056522405
2020-07-07,-0.007033393997764037
2020-07-08,0.0072851430913574156
2020-07-09,0.01002008299874535
2020-07-10,0.020350757509649764
2020-07-13,-0.019717871949676447
2020-07-14,0.006113669033072977
2020-07-15,-0.004563923187027252
2020-07-16,0.0028805147111201634
2020-07-17,-0.00161410091220493
2020-07-20,0.03310368869557889
2020-07-21,-0.0046624506902528395
2020-07-22,0.006461520427167633
2020-07-23,-0.033669301598272416
2020-07-24,-0.0025137299860700235
2020-07-27,0.012124226609601552
2020-07-28,-0.019513850399618504
2020-07-29,0.01445006560838391
2020-07-30,0.006195653933966927
2020-07-31,-0.03166286809744989
2020-08-03,-0.005738435489783145
2020-08-04,-0.006429495972228194
2020-08-05,0.005897750386536504
2020-08-06,0.01797616077288655
2020-08-07,-0.0037396758454727452
2020-08-10,0.0010772601230706336
2020-08-11,-0.010547374177944158
2020-08-12,0.017766379939063937
2020-08-13,0.007852151400332463
2020-08-14,-0.00705999141403113
2020-08-17,0.00679828780079017
2020-08-18,0.026759301548845205
2020-08-19,-0.007102365238040309
2020-08-20,0.02211245743019985
2020-08-21,-0.0008408890812281467
2020-08-24,0.0049228781576446945
2020-08-25,0.01260546256108186
2020-08-26,0.02745897321454227
2020-08-27,-0.010923676794222459
2020-08-28,0.00616762151387773
2020-08-31,-0.006220956792577947
2020-09-01,0.016234378293108698
2020-09-02,0.040687525153014326
2020-09-03,-0.050015133441661974
2020-09-04,-0.030940974321712056
2020-09-08,-0.036862662712183525
2020-09-09,0.016033765283673063
2020-09-10,-0.01601827630003061
2020-09-11,-0.007375898875150555
2020-09-14,-0.0009469565561776028
2020-09-15,0.014585639011238882
2020-09-16,-0.0133251125814976
2020-09-17,-0.016680933309890955
2020-09-18,-0.023764198343767307
2020-09-21,-0.019746449115479514
2020-09-22,0.023966317549590777
2020-09-23,-0.03428963335321644
2020-09-24,0.009242469493984107
2020-09-25,0.011671359518616864
2020-09-28,0.013536745175297238
2020-09-29,0.0032844532339317833
2020-09-30,0.000183770901319269
2020-10-01,0.01394253566051673
2020-10-02,-0.021253739600677113
2020-10-05,0.018924461213520427
2020-10-06,-0.021924242202797983
2020-10-07,0.004713068432011358
2020-10-08,0.017558188436455513
2020-10-09,0.01971146764307119
2020-10-12,0.035592144494841715
2020-10-13,0.0016123343528915424
2020-10-14,-0.002290582522616269
2020-10-15,-0.005707580225273734
2020-10-16,0.00890225509832887
2020-10-19,-0.02441170327387443
2020-10-20,0.013893005569186823
2020-10-21,0.024024110238030527
2020-10-22,0.01382016509565065
2020-10-23,0.01589135319138224
2020-10-26,-0.0308041010559017
2020-10-27,0.008682976774889273
2020-10-28,-0.054629602158649315
2020-10-29,0.033376795717922514
2020-10-30,0.0343087535229567
2020-11-02,0.0030967980780276516
2020-11-03,0.014870557217480984
2020-11-04,0.05994403987103181
2020-11-05,0.00814131037150756
2020-11-06,-0.0009188510963320518
2020-11-09,0.0007094224397294902
2020-11-10,-0.01282468081366206
2020-11-11,0.007078981212254254
2020-11-12,-0.001637608936279178
2020-11-13,0.015532892124409337
2020-11-16,0.002453581022565876
2020-11-17,-0.006304154644310778
2020-11-18,-0.013202220743706583
2020-11-19,0.009812274575791147
2020-11-20,-0.012319020290685323
2020-11-23,-0.004207333936431357
2020-11-24,0.01960977904360517
2020-11-25,0.001441513427130614
2020-11-27,0.01228383423832291
2020-11-30,-0.018096245649003473
2020-12-01,0.021218245220396614
2020-12-02,0.016600817872266083
2020-12-03,-0.0006454738882217814
2020-12-04,0.0006678139800786465
2020-12-07,-0.0046553994898677065
2020-12-08,-0.000511163738156184
2020-12-09,-0.018926965979978005
2020-12-10,-0.0049325860623298245
2020-12-11,0.0036275658564581814
2020-12-14,-0.012184626769351392
2020-12-15,0.0043805189690631074
2020-12-16,-0.0026982838228269967
2020-12-17,-0.008564960451569625
2020-12-18,-0.009662961786661373
2020-12-21,0.0048296368406743895
2020-12-22,-0.009124013255190744
2020-12-23,0.005152223359236485
2020-12-24,0.0037347515501966466
2020-12-28,0.02141661963628927
2020-12-29,-0.009780001354659729
2020-12-30,-0.01091707493263594
2020-12-31,0.007105455845679343
2021-01-04,-0.013494034675307187
2021-01-05,0.007336948747330929
2021-01-06,-0.003233959843192191
2021-01-07,0.029943034125200718
2021-01-08,0.011168039771711102
2021-01-11,-0.022404744931304288
2021-01-12,-0.011416476993633129
2021-01-13,0.00449456970467943
2021-01-14,-0.008105440704310074
2021-01-15,-0.0022928207262566946
2021-01-19,0.03148843524861511
2021-01-20,0.05362802669566258
2021-01-21,0.0023053132736248205
2021-01-22,0.005181621869390973
2021-01-25,-0.0008677810401267472
2021-01-26,0.00939233952360996
2021-01-27,-0.04509095454935841
2021-01-28,0.017653670334748073
2021-01-29,-0.014690488944123281
2021-02-01,0.03574033313463931
2021-02-02,0.013758680390295597
2021-02-03,0.07396078108586623
2021-02-04,-0.0037198117347109205
2021-02-05,0.01727625319942372
2021-02-08,-0.0024261323639669374
2021-02-09,-0.004491367332334906
2021-02-10,0.0056972404945510036
2021-02-11,0.00024332087863676577
2021-02-12,0.00392195165545095
2021-02-16,0.008454909334192129
2021-02-17,0.003020919733041083
2021-02-18,-0.005220007699087925
2021-02-19,-0.007585687839916755
2021-02-22,-0.017257235612293087
2021-02-23,0.0028959915186581586
2021-02-24,0.011739072352726643
2021-02-25,-0.030455656348213456
2021-02-26,0.0027075001302339086
2021-03-01,0.02192094584216897
2021-03-02,-0.0027239650986143893
2021-03-03,-0.02366750493578529
2021-03-04,0.011042572890450852
2021-03-05,0.0290128870993398
2021-03-08,-0.040013523393308104
2021-03-09,0.014094828360296408
2021-03-10,0.0011350441388544574
2021-03-11,0.02907008817612433
2021-03-12,-0.024990971874932155
2021-03-15,0.0022163855352923534
2021-03-16,0.012596342930369486
2021-03-17,-0.0006882657462504715
2021-03-18,-0.026235166405056076
2021-03-19,0.0034279261413729945
2021-03-22,-0.002256443767425065
2021-03-23,0.007049171397080833
2021-03-24,-0.0038482024477565213
2021-03-25,-0.00034225238220919607
2021-03-26,-0.004309380925916817
2021-03-29,0.01002185922934773
2021-03-30,-0.00019936389357311235
2021-03-31,0.006368027794515507
2021-04-01,0.03341337689227908
2021-04-05,0.04107121047980322
2021-04-06,-0.0003593449623047196
2021-04-07,0.011205872334061784
2021-04-08,0.007005327565512864
2021-04-09,0.009022481343512023
2021-04-12,-0.013600843978867627
2021-04-13,0.005534916076225249
2021-04-14,-0.005482437591567302
2021-04-15,0.018546770686155956
2021-04-16,0.00047886787585937896
2021-04-19,0.002019466382236379
2021-04-20,-0.003809082389536922
2021-04-21,-0.00014814818794484097
2021-04-22,-0.011062721104975748
2021-04-23,0.020891379375335584
2021-04-26,0.004940929125928362
2021-04-27,-0.00843232134311267
2021-04-28,0.031550115752524865
2021-04-29,0.021000754985151193
2021-04-30,-0.008136171475190968
2021-05-03,-0.006202945133500837
2021-05-04,-0.017084375555677767
2021-05-05,0.0010576386569840501
2021-05-06,0.01044233828640162
2021-05-07,0.007281702703036519
2021-05-10,-0.02377560578037341
2021-05-11,-0.014049640215885617
2021-05-12,-0.03018082126270394
2021-05-13,0.010222922504903531
2021-05-14,0.02395689847487459
2021-05-17,0.0022667114103422925
2021-05-18,-0.007745218815187971
2021-05-19,0.0022922781342049614
2021-05-20,0.02052220657604642
2021-05-21,-0.004664554958936029
2021-05-24,0.026254801097483682
2021-05-25,0.0009972245910296884
2021-05-26,0.010153360513735832
2021-05-27,-0.012746900180602982
2021-05-28,0.003766855899569599
2021-06-01,0.007567715890619331
2021-06-02,-0.003510582080347935
2021-06-03,-0.006884758996219542
2021-06-04,0.019608172216613262
2021-06-07,0.00584472266105851
2021-06-08,0.006796261740617204
2021-06-09,0.0034435279653108886
2021-06-10,0.012121717969833856
2021-06-11,-0.0030416293892514545
2021-06-14,0.005214908249390415
2021-06-15,-0.0025247747445723556
2021-06-16,-0.002669820015999358
2021-06-17,0.00536600462639214
2021-06-18,-0.006358372836748449
2021-06-21,0.007068100527258592
2021-06-22,0.00430587518485992
2021-06-23,-0.0042362918910389125
2021-06-24,0.006488170519956871
2021-06-25,-0.0022548534411822585
2021-06-28,-0.0013819864363016077
2021-06-29,-0.006316088645323958
2021-06-30,-0.0055745094458578
2021-07-01,0.008398774210031101
2021-07-02,0.018600055265852067
2021-07-06,0.008173024943052276
2021-07-07,0.00236193443367827
2021-07-08,-0.0069229214331753
2021-07-09,0.0030773365713085976
2021-07-12,0.007636364587372713
2021-07-13,0.0032974075180418616
2021-07-14,0.008305792383293875
2021-07-15,-0.006178001691206969
2021-07-16,0.004410719828114695
2021-07-19,-0.019655465653405035
2021-07-20,0.014293475715534854
2021-07-21,0.011433805508284767
2021-07-22,0.005490344038636907
2021-07-23,0.03365753863984411
2021-07-26,0.013267664867288698
2021-07-27,-0.020394944822749617
2021-07-28,-0.0030334503775261146
2021-07-29,0.0011655701422492726
2021-07-30,-0.009663646180275265
2021-08-02,0.005683305512186765
2021-08-03,0.0021361291604340416
2021-08-04,-0.0018453915226372963
2021-08-05,0.006700850334012021
2021-08-06,0.0007009891911335941
2021-08-09,0.007049380848209719
2021-08-10,0.0006846562113911325
2021-08-11,-0.0029473390683601997
2021-08-12,0.005083929870518311
2021-08-13,0.00011942928606445413
2021-08-16,0.003684726974184649
2021-08-17,-0.011629327816425117
2021-08-18,-0.00532035076799775
2021-08-19,0.00251492340525461
2021-08-20,0.011127659201050522
2021-08-23,0.019232752759087868
2021-08-24,0.009206104361903833
2021-08-25,0.003872827855543992
2021-08-26,-0.005785160211191909
2021-08-27,0.017080389908505467
2021-08-30,0.006357481162574841
2021-08-31,-5.146103817033065e-05
2021-09-01,0.002612364500137243
2021-09-02,-0.01112869977066444
2021-09-03,0.0038552351510805494
2021-09-07,0.0051390852317636515
2021-09-08,-0.004367090490133063
2021-09-09,0.00020710198199158647
2021-09-10,-0.02065010604869799
2021-09-13,0.010879164614914005
2021-09-14,-0.000411320537553328
2021-09-15,0.012551888690883528
2021-09-16,-0.005733254467094939
2021-09-17,-0.020156013863394273
2021-09-20,-0.017294382110559003
2021-09-21,0.004528243015560873
2021-09-22,0.00925214885238268
2021-09-23,0.0063005184110571655
2021-09-24,0.005686540724109346
2021-09-27,-0.00793648736648056
2021-09-28,-0.037575550550329906
2021-09-29,-0.012211670002369557
2021-09-30,-0.009332952718970944
2021-10-01,0.023989619662722284
2021-10-04,-0.019767263621683573
2021-10-05,0.018031544753269513
2021-10-06,0.008643262416722308
2021-10-07,0.013334272345537412
2021-10-08,0.006254152798183643
2021-10-11,-0.008628895466406772
2021-10-12,-0.015372864602573921
2021-10-13,0.00868249733509674
2021-10-14,0.02546774301464194
2021-10-15,0.0018595689921663272
2021-10-18,0.009073796105850018
2021-10-19,0.006026083830972695
2021-10-20,-0.009783036047347093
2021-10-21,0.002566480375385982
2021-10-22,-0.02910416081186995
2021-10-25,0.0010675929213077584
2021-10-26,0.00647831078420924
2021-10-27,0.04836706457168982
2021-10-28,-0.002038557014270803
2021-10-29,0.014654698527594157
2021-11-01,-0.03032625997285232
2021-11-02,0.014529838069887724
2021-11-03,0.0063549768701609555
2021-11-04,0.012896225667684336
2021-11-05,0.003752850379216577
2021-11-08,0.0007404358477463013
2021-11-09,-0.0006896614316204142
2021-11-10,-0.017571205573114868
2021-11-11,0.0008319045424467486
2021-11-12,0.019744537652828242
2021-11-15,-0.0017206121533724916
2021-11-16,-0.0020883790378052325
2021-11-17,-9.402597204000163e-05
2021-11-18,0.011048987281223166
2021-11-19,-0.005019525886197473
2021-11-22,-0.01916594616232703
2021-11-23,-0.002185893758986368
2021-11-24,-0.00026921714488137294
2021-11-26,-0.026660094529588285
2021-11-29,0.02316429696042155
2021-11-30,-0.025062619387974494
2021-12-01,-0.005854583284269355
2021-12-02,0.01524168764503342
2021-12-03,-0.00873589999364699
2021-12-06,0.008953065548708894
2021-12-07,0.02948618080978438
2021-12-08,0.004620688004711493
2021-12-09,-0.004132013988879191
2021-12-10,0.0038418325645335205
2021-12-13,-0.013253637042053734
2021-12-14,-0.01181976429138476
2021-12-15,0.016541213898572327
2021-12-16,-0.017167602682589433
2021-12-17,-0.014053913214560176
2021-12-20,-0.0028113699549937587
2021-12-21,0.012773691243167518
2021-12-22,0.018918926424059457
2021-12-23,0.0013169688458880557
2021-12-27,0.006262448766850337
2021-12-28,-0.010914253518032213
2021-12-29,0.0003860084860862756
2021-12-30,-0.003426685057552503
2021-12-31,-0.009061425577780557
2022-01-03,0.0027300840829274087
2022-01-04,-0.004535380448089099
2022-01-05,-0.046829999921072396
2022-01-06,-0.0007445772252693272
2022-01-07,-0.0039730296694464595
2022-01-10,0.011455754253030248
2022-01-11,0.01041686234733441
2022-01-12,0.011644880484668496
2022-01-13,-0.01776935957186332
2022-01-14,0.00471152287685328
2022-01-18,-0.02500966105801894
2022-01-19,-0.004685058805659281
2022-01-20,-0.01581595957792914
2022-01-21,-0.02557587130055794
2022-01-24,0.0021522164146730027
2022-01-25,-0.027892969768388953
2022-01-26,0.019761768811758618
2022-01-27,-0.0009208140444283419
2022-01-28,0.03228372419499448
2022-01-31,0.018073451746732472
2022-02-01,0.016064914846654732
2022-02-02,0.07367351630872299
2022-02-03,-0.03638281954781608
2022-02-04,0.002562243103517936
2022-02-07,-0.028514376523667062
2022-02-08,0.0019791561114261835
2022-02-09,0.016090538266921195
2022-02-10,-0.020151618996345766
2022-02-11,-0.03226847875758598
2022-02-14,0.008722918878508068
2022-02-15,0.00831870132173651
2022-02-16,0.007784332496734381
2022-02-17,-0.037668844090605225
2022-02-18,-0.013914598237964704
2022-02-22,-0.008162722218686858
2022-02-23,-0.014045312959769296
2022-02-24,0.039882974174201946
2022-02-25,0.013913819628163626
2022-02-28,0.0027621187358377597
2022-03-01,-0.005360001909270107
2022-03-02,0.00434908695808911
2022-03-03,-0.003291413929422893
2022-03-04,-0.01627584947717864
2022-03-07,-0.042820430554056155
2022-03-08,0.006436556126098392
2022-03-09,0.05175661943113319
2022-03-10,-0.008844714602127102
2022-03-11,-0.01663017508991327
2022-03-14,-0.02862202367952249
2022-03-15,0.023035150976572716
2022-03-16,0.031081170500116384
2022-03-17,0.006806629034742606
2022-03-18,0.01635217390806787
2022-03-21,-0.0023611402922679714
2022-03-22,0.02783575152714368
2022-03-23,-0.012646033816311575
2022-03-24,0.02027747728791529
2022-03-25,0.0014823203944134278
2022-03-28,0.003028060579496783
2022-03-29,0.009157890739022623
2022-03-30,-0.004226906718265533
2022-03-31,-0.020996076402968078
2022-04-01,0.007522337367880105
2022-04-04,0.020913476828300803
2022-04-05,-0.017957994211311834
2022-04-06,-0.027555363567203783
2022-04-07,-0.005182799340460842
2022-04-08,-0.017986431672554204
2022-04-11,-0.03144513411675676
2022-04-12,-0.010955458533939866
2022-04-13,0.014889887330100215
2022-04-14,-0.02327959406543323
2022-04-18,0.0055637038890368196
2022-04-19,0.020084462381402046
2022-04-20,-0.017509407359925677
2022-04-21,-0.02579434201063857
2022-04-22,-0.04260931777502319
2022-04-25,0.03039777177699654
2022-04-26,-0.03037721503911095
2022-04-27,-0.03753361089272944
2022-04-28,0.03817573428741872
2022-04-29,-0.03722418998327537
2022-05-02,0.019053289629657355
2022-05-03,0.008300925083810862
2022-05-04,0.037632401524247516
2022-05-05,-0.047550533586798505
2022-05-06,-0.009306322693379943
2022-05-09,-0.0222723443267836
2022-05-10,0.01326895352689128
2022-05-11,-0.005441358965891707
2022-05-12,-0.007019827403561996
2022-05-13,0.029643492549175976
2022-05-16,-0.014787660506138445
2022-05-17,0.01662988907682106
2022-05-18,-0.03685034102989837
2022-05-19,-0.01472853408350272
2022-05-20,-0.012935206508070785
2022-05-23,0.021529950779363816
2022-05-24,-0.05140747089062081
2022-05-25,-0.0008165824624319917
2022-05-26,0.023209720084479857
2022-05-27,0.04158038430055644
2022-05-31,0.010992984601737366
2022-06-01,0.0008593866498387559
2022-06-02,0.03162000127262199
2022-06-03,-0.027024281613791
2022-06-06,0.021354746454191886
2022-06-07,0.0018716639840536953
2022-06-08,7.246408232020052e-05
2022-06-09,-0.01978881568043278
2022-06-10,-0.03037375739744308
2022-06-13,-0.04084264642151403
2022-06-14,0.0029707260440039462
2022-06-15,0.029819653314081984
2022-06-16,-0.034011046829759084
2022-06-17,0.011529735514270723
2022-06-21,0.03846934309331562
2022-06-22,0.00016968879569900785
2022-06-23,0.005806111884862242
2022-06-24,0.05194611515118375
2022-06-27,-0.016159458039556762
2022-06-28,-0.034736028085153636
2022-06-29,-0.0027981335377229577
2022-06-30,-0.02569123941812468
2022-07-01,-0.0026650632300282417
2022-07-05,0.04405888818276105
2022-07-06,0.011647465666062784
2022-07-07,0.03552100287361171
2022-07-08,0.007229317296271853
2022-07-11,-0.03034075629336519
2022-07-12,-0.01435767854068215
2022-07-13,-0.023182457982700244
2022-07-14,-0.00665851743364243
2022-07-15,0.011907504927221924
2022-07-18,-0.025335354107807406
2022-07-19,0.04285312971039845
2022-07-20,0.0006982022116164277
2022-07-21,0.0029641643309337162
2022-07-22,-0.05806677680001482
2022-07-25,-0.001384322534854654
2022-07-26,-0.025598173865023166
2022-07-27,0.07738981623908625
2022-07-28,0.008714873304677573
2022-07-29,0.01788976877956938
2022-08-01,-0.009945003532897845
2022-08-02,0.003636878745454153
2022-08-03,0.024849109970105143
2022-08-04,0.0007576516494727237
2022-08-05,-0.005468131452332936
2022-08-08,-0.0006767451840049565
2022-08-09,-0.005417236679942761
2022-08-10,0.026808452316288145
2022-08-11,-0.006879338805201973
2022-08-12,0.023618671948170133
2022-08-15,0.0018752735846705448
2022-08-16,-0.0030110297037162503
2022-08-17,-0.01787613049528114
2022-08-18,0.004488046204312424
2022-08-19,-0.02267088586138577
2022-08-22,-0.025821156972588688
2022-08-23,-0.002607131813661012
2022-08-24,-0.0006098515587216191
2022-08-25,0.02615514951118647
2022-08-26,-0.0543756635481607
2022-08-29,-0.008625165407472046
2022-08-30,-0.003897175270351938
2022-08-31,-0.00691467486439068
2022-09-01,0.01282645255094561
2022-09-02,-0.01691543030282594
2022-09-06,-0.011041616514597674
2022-09-07,0.027912130024152493
2022-09-08,-0.009594516932911135
2022-09-09,0.021568301604291573
2022-09-12,0.0008050981141412006
2022-09-13,-0.058639515597595504
2022-09-14,0.0053177348978281636
2022-09-15,-0.018607719029109626
2022-09-16,-0.002598771900707453
2022-09-19,0.0021230654070916177
2022-09-20,-0.01945118962607173
2022-09-21,-0.017873018929529305
2022-09-22,0.005599623888617344
2022-09-23,-0.013920723859261463
2022-09-26,-0.0036300380640656993
2022-09-27,-0.007286916217182471
2022-09-28,0.027015947748381786
2022-09-29,-0.026305285529023448
2022-09-30,-0.019777535214927977
2022-10-03,0.03276115724940554
2022-10-04,0.03131945452717866
2022-10-05,-0.0018555117867451454
2022-10-06,0.00019566822053507238
2022-10-07,-0.02611490234623348
2022-10-10,-0.00863734973280117
2022-10-11,-0.00668603199570561
2022-10-12,0.002549676471505391
2022-10-13,0.01434380745637931
2022-10-14,-0.02537360491942109
2022-10-17,0.037044592343531635
2022-10-18,0.006052809316942964
2022-10-19,-0.010849014538730772
2022-10-20,0.002392973545896737
2022-10-21,0.009449909542110335
2022-10-24,0.014682706979190385
2022-10-25,0.01903461893738534
2022-10-26,-0.09635006172776073
2022-10-27,-0.02341273302958813
2022-10-28,0.042980658109176506
2022-10-31,-0.019879893060358533
2022-11-01,-0.04394679917053812
2022-11-02,-0.03790058087519255
2022-11-03,-0.04111625655728901
2022-11-04,0.03844768020438871
2022-11-07,0.022491327196346944
2022-11-08,0.002932971947634977
2022-11-09,-0.016983491982038856
2022-11-10,0.077459813695679
2022-11-11,0.0271850459756362
2022-11-14,-0.0072366752696236825
2022-11-15,0.028012041308086655
2022-11-16,0.0027350558042504858
2022-11-17,-0.0049500983344222815
2022-11-18,-0.007106558262768736
2022-11-21,-0.02014306340913319
2022-11-22,0.01565277590364267
2022-11-23,0.015308674369483688
2022-11-25,-0.012345720385893433
2022-11-28,-0.013832050368207893
2022-11-29,-0.008415491687050358
2022-11-30,0.06297145819389671
2022-12-01,-0.0016757653014551899
2022-12-02,-0.004443053698305333
2022-12-05,-0.009521014648120274
2022-12-06,-0.02563332582215405
2022-12-07,-0.02219693608407547
2022-12-08,-0.012611857151471728
2022-12-09,-0.00936659334721024
2022-12-12,0.005264798982358432
2022-12-13,0.02447638852508982
2022-12-14,-0.0056339809474588165
2022-12-15,-0.043122417578883465
2022-12-16,-0.003728041618679123
2022-12-19,-0.018820152812554558
2022-12-20,0.005384249224434923
2022-12-21,0.0069173994468865185
2022-12-22,-0.022049949745090114
2022-12-23,0.017561628747827962
2022-12-27,-0.020932885977982374
2022-12-28,-0.016717929295760436
2022-12-29,0.02879953109501865
2022-12-30,-0.0024732751643951056
2023-01-03,0.010931873539718806
2023-01-04,-0.011036810576050549
2023-01-05,-0.021868854072984223
2023-01-06,0.01601939287298948
2023-01-09,0.007259440295039221
2023-01-10,0.004954906276555704
2023-01-11,0.03384146667729926
2023-01-12,-0.0037936460248191306
2023-01-13,0.00968325585589036
2023-01-17,-0.006896386312494451
2023-01-18,-0.004123428069445656
2023-01-19,0.023207852032174348
2023-01-20,0.05718235834377405
2023-01-23,0.019439856523286947
2023-01-24,-0.019760941950535127
2023-01-25,-0.024997356703438944
2023-01-26,0.0251215899188153
2023-01-27,0.01563111521859195
2023-01-30,-0.02740554247092053
2023-01-31,0.01960191979267245
2023-02-01,0.01562039949911087
2023-02-02,0.0726610307312292
2023-02-03,-0.03290461958524171
2023-02-06,-0.016631760827281905
2023-02-07,0.04416748481738053
2023-02-08,-0.0744170115090016
2023-02-09,-0.045399965203908765
2023-02-10,-0.006285249848847152
2023-02-13,0.0014757043817281712
2023-02-14,-0.0005262259296833216
2023-02-15,0.02264360306168256
2023-02-16,-0.013594336212769398
2023-02-17,-0.012424290085366385
2023-02-21,-0.026852721252275336
2023-02-22,-0.002715953257257153
2023-02-23,-0.007951919508114136
2023-02-24,-0.018886775333286754
2023-02-27,0.00839398837967642
2023-02-28,0.002219975074323921
2023-03-01,0.002325507808225602
2023-03-02,0.019887139373607088
2023-03-03,0.018524527206559283
2023-03-06,0.01659214986269797
2023-03-07,-0.01475200385743669
2023-03-08,0.005097390358917542
2023-03-09,-0.021024830498461933
2023-03-10,-0.0178071507212344
2023-03-13,0.007142206140220653
2023-03-14,0.02825649154010934
2023-03-15,0.02440301738261974
2023-03-16,0.04681531439079012
2023-03-17,0.013752795632146153
2023-03-20,-0.005172798702309023
2023-03-21,0.03835966552757486
2023-03-22,-0.015306098688331438
2023-03-23,0.019573974634633062
2023-03-24,-0.0018822166799665752
2023-03-27,-0.02828583796121442
2023-03-28,-0.0164951180862285
2023-03-29,0.005327409683526296
2023-03-30,-0.005691895301595862
2023-03-31,0.02645092294853102
2023-04-03,0.008750045450886423
2023-04-04,0.002001726063857845
2023-04-05,-0.0016172600344449561
2023-04-06,0.03763699795485964
2023-04-10,-0.017906388301854648
2023-04-11,-0.007760635218603595
2023-04-12,-0.0084810403653367
2023-04-13,0.028226701623986994
2023-04-14,0.011738638258165457
2023-04-17,-0.027772684461579877
2023-04-18,-0.01221575986810064
2023-04-19,-0.0009513509806681197
2023-04-20,0.008379420807792526
2023-04-21,9.439802279054277e-05
2023-04-24,0.008214397961078923
2023-04-25,-0.020322120874198046
2023-04-26,-0.0015294354105452879
2023-04-27,0.03752996604634595
2023-04-28,-0.001384123571050222
2023-05-01,-0.004712727916591497
2023-05-02,-0.01606157779514361
2023-05-03,0.0013209381080505622
2023-05-04,-0.008575170123026221
2023-05-05,0.009552295139281242
2023-05-08,0.019065073949037226
2023-05-09,-0.002771572201939132
2023-05-10,0.04020744671932164
2023-05-11,0.04114728090247399
2023-05-12,0.008725338227256518
2023-05-15,-0.008140949736104575
2023-05-16,0.0267611480419514
2023-05-17,0.011574611479644226
2023-05-18,0.01679275795670998
2023-05-19,-0.0021858568818359236
2023-05-22,0.021257639248325688
2023-05-23,-0.020497228394331213
2023-05-24,-0.013383042723676741
2023-05-25,0.02227877110832699
2023-05-26,0.00868506661918289
2023-05-30,-0.006298253179413127
2023-05-31,-0.010189248587251898
2023-06-01,0.00810568643475218
2023-06-02,0.006914833371551632
2023-06-05,0.011179426102006396
2023-06-06,0.010108189337544315
2023-06-07,-0.03885546546706031
2023-06-08,-0.002196231512796243
2023-06-09,0.001630488694566834
2023-06-12,0.012045160655421272
2023-06-13,0.0006433841461053191
2023-06-14,-0.0004018874909377246
2023-06-15,0.011336260516403573
2023-06-16,-0.013753082132399674
2023-06-20,-0.001692738136632177
2023-06-21,-0.020912378705890244
2023-06-22,0.021524118998291764
2023-06-23,-0.0068622275190065585
2023-06-26,-0.03194597896073825
2023-06-27,-0.0006717366497434041
2023-06-28,0.01739341122268878
2023-06-29,-0.00883706108086546
2023-06-30,0.007999237599439324
2023-07-03,-0.0033891880228995586
2023-07-05,0.017169790311894806
2023-07-06,-0.013862796431098223
2023-07-07,-0.006532557321084043
2023-07-10,-0.02721831145502529
2023-07-11,0.007187510543896325
2023-07-12,0.016226280977070795
2023-07-13,0.043554603926081015
2023-07-14,0.006969373526980238
2023-07-17,-0.005091488283217149
2023-07-18,-0.007836156802455863
2023-07-19,-0.010477121645840692
2023-07-20,-0.026470103574684378
2023-07-21,0.0065255003274475865
2023-07-24,0.013049736155324121
2023-07-25,0.007466272391708273
2023-07-26,0.055949133809700013
2023-07-27,0.001619688493297744
2023-07-28,0.024178116262470573
2023-07-31,0.0007518104770556366
2023-08-01,-0.009165498197276523
2023-08-02,-0.02464180195322785
2023-08-03,0.001010842670636336
2023-08-04,-0.0017863273320581907
2023-08-07,0.02645100666492395
2023-08-08,-0.0007577907626578062
2023-08-09,-0.012818841204514708
2023-08-10,0.0004610935183104736
2023-08-11,-0.000307332870007504
2023-08-14,0.012752673511559953
2023-08-15,-0.01183331703383761
2023-08-16,-0.008904645481976448
2023-08-17,0.0104565017116518
2023-08-18,-0.0180134665028181
2023-08-21,0.006400834142815892
2023-08-22,0.005894667524145358
2023-08-23,0.02714161463639031
2023-08-24,-0.02094450609547327
2023-08-25,0.0020705070787696567
2023-08-28,0.008416721285623208
2023-08-29,0.028074962093635136
2023-08-30,0.010628161678296166
2023-08-31,0.00306716375432714
2023-09-01,-0.004004525333433762
2023-09-05,-0.0006577936955395325
2023-09-06,-0.009801853715938558
2023-09-07,0.006131514535066662
2023-09-08,0.007342133277570717
2023-09-11,0.0039358162308269495
2023-09-12,-0.012124267422749413
2023-09-13,0.010509051980158501
2023-09-14,0.010836654475453678
2023-09-15,-0.0049645460023142185
2023-09-18,0.004772355023385577
2023-09-19,-0.0009355496104554994
2023-09-20,-0.030541124232289052
2023-09-21,-0.023998572626659942
2023-09-22,-0.0008374731107458899
2023-09-25,0.007009476588897501
2023-09-26,-0.020579515233164924
2023-09-27,0.015527303253734637
2023-09-28,0.012703457379653171
2023-09-29,-0.009614778296055393
2023-10-02,0.025180245670336276
2023-10-03,-0.013834380353042075
2023-10-04,0.02228049469019
2023-10-05,-0.00205475495820695
2023-10-06,0.020148564571650374
2023-10-09,0.005550211885789524
2023-10-10,-0.0021502809421442004
2023-10-11,0.017959355393488696
2023-10-12,-0.00995041370467109
2023-10-13,-0.012188921140927955
2023-10-16,0.01378284305525379
2023-10-17,0.0035588019690451222
2023-10-18,-0.012128621332918144
2023-10-19,-0.0021538984555654617
2023-10-20,-0.01611728951748881
2023-10-23,0.008483199473354075
2023-10-24,0.016098529380061954
2023-10-25,-0.09598908092709668
2023-10-26,-0.025499495048066145
2023-10-27,-0.00032393883670389645
2023-10-30,0.01904375246722978
2023-10-31,-0.00357859126608151
2023-11-01,0.01811653708867733
2023-11-02,0.0079174275049827
2023-11-03,0.013921202076536243
2023-11-06,0.00828402213058177
2023-11-07,0.007226961438511426
2023-11-08,0.006495569626659092
2023-11-09,-0.011781236389460936
2023-11-10,0.01799657522229481
2023-11-13,-0.003132827112776848
2023-11-14,0.013394105961753278
2023-11-15,0.007014803811032477
2023-11-16,0.01701118564290982
2023-11-17,-0.01268924449903408
2023-11-20,0.007156456243179399
2023-11-21,0.0050754323498867215
2023-11-22,0.010099493719665897
2023-11-24,-0.012855310595934033
2023-11-27,-0.0012299695332634863
2023-11-28,0.00412904821009108
2023-11-29,-0.016015135295146532
2023-11-30,-0.018181672402632798
2023-12-01,-0.004480211192867678
2023-12-04,-0.020177276740061978
2023-12-05,0.013473156097516759
2023-12-06,-0.007251275232690313
2023-12-07,0.05341257941034927
2023-12-08,-0.013073514809488929
2023-12-11,-0.014197679221392923
2023-12-12,-0.007869298472213071
2023-12-13,0.0024694403159040146
2023-12-14,-0.005747641845683993
2023-12-15,0.004804862451416536
2023-12-18,0.025029577490723875
2023-12-19,0.00663334053030562
2023-12-20,0.011296172716994013
2023-12-21,0.015322911519728866
2023-12-22,0.0064879672198354665
2023-12-26,0.0007005529522408072
2023-12-27,-0.009662394282847875
2023-12-28,-0.001131398749286583
2023-12-29,-0.0024771997535992796
2024-01-02,-0.009721150042806381
2024-01-03,0.00573231584920153
2024-01-04,-0.016529043523913378
2024-01-05,-0.0047085900831828065
2024-01-08,0.02285473337153432
2024-01-09,0.014445003936049083
2024-01-10,0.008698293241956367
2024-01-11,-0.000904168139068573
2024-01-12,0.003967530704780842
2024-01-16,-0.001109222361119766
2024-01-17,-0.008259289696382122
2024-01-18,0.014696587910947745
2024-01-19,0.02055294489726811
2024-01-22,-0.0017569588185841756
2024-01-23,0.006567082684446168
2024-01-24,0.011232048504895564
2024-01-25,0.02188233732060807
2024-01-26,0.0009761915336512494
2024-01-29,0.0068275780146538345
2024-01-30,-0.011560344602901118
2024-01-31,-0.07350536267836727
2024-02-01,0.006417576897896238
2024-02-02,0.005815719344752113
2024-02-05,0.009683786662019411
2024-02-06,0.003312037086142805
2024-02-07,0.008733841402956966
2024-02-08,0.0036816529055800906
2024-02-09,0.020377740046647386
2024-02-12,-0.009918945479124863
2024-02-13,-0.01586770279235694
2024-02-14,0.005260615627466381
2024-02-15,-0.021747839751503517
2024-02-16,-0.015145306831873317
2024-02-20,0.00310358968073543
2024-02-21,0.011533207528734657
2024-02-22,0.010289402220908794
2024-02-23,-0.0002066918555141406
2024-02-26,-0.0450133285498131
2024-02-27,0.00972989967251725
2024-02-28,-0.01905788896993066
2024-02-29,0.017099326100810774
2024-03-01,-0.01216165704354144
2024-03-04,-0.02809978018373982
2024-03-05,-0.003129788428230529
2024-03-06,-0.009119367305681303
2024-03-07,0.020217433565355325
2024-03-08,0.007763958000115867
2024-03-11,0.019443844189755533
2024-03-12,0.004894049835384884
2024-03-13,0.008236835526520547
2024-03-14,0.025360263216435364
2024-03-15,-0.01503386776816995
2024-03-18,0.04438326118863922
2024-03-19,-0.0037712611291002007
2024-03-20,0.011898310633785103
2024-03-21,-0.0062801849344510385
2024-03-22,0.02037133653440093
2024-03-25,-0.004085323617246339
2024-03-26,0.00363891243517922
2024-03-27,0.001582063516077925
2024-03-28,0.0021060184744474686
2024-04-01,0.02784706144785698
2024-04-02,-0.004025531119127179
2024-04-03,0.0032078464313065602
2024-04-04,-0.028330199707221726
2024-04-05,0.013163071664542336
2024-04-08,0.014291442034998658
2024-04-09,0.01280889860400447
2024-04-10,-0.003035272945667966
2024-04-11,0.0198527472140968
2024-04-12,-0.009950892173728798
2024-04-15,-0.01796592247465545
2024-04-16,-0.0021108246493241056
2024-04-17,0.0056409698913602035
2024-04-18,0.0036969721902819774
2024-04-19,-0.011050260435976678
2024-04-22,0.014320472212657531
2024-04-23,0.012472443230079566
2024-04-24,0.007378603072071055
2024-04-25,-0.019553126040990576
2024-04-26,0.09965189190159118
2024-04-29,-0.03333532869611022
2024-04-30,-0.019416341880567733
2024-05-01,0.0056487243240654905
2024-05-02,0.017454764333562744
2024-05-03,0.0031462228775545054
2024-05-06,0.00497064309911166
2024-05-07,0.018547830910536245
2024-05-08,-0.01052123730904797
2024-05-09,0.002453947094887665
2024-05-10,-0.007518608670921578
2024-05-13,0.0035821372900564086
2024-05-14,0.00602703214498268
2024-05-15,0.011341903512158247
2024-05-16,0.008914131929187885
2024-05-17,0.010602411585034721
2024-05-20,0.0065995595601997525
2024-05-21,0.006051794870953975
2024-05-22,-0.008577605192342408
2024-05-23,-0.016516767027629276
2024-05-24,0.007254673897348907
2024-05-28,0.009584332420152997
2024-05-29,-0.0034828342441898252
2024-05-30,-0.021646084632094387
2024-05-31,0.0023048173789443904
2024-06-03,0.0026441351149324444
2024-06-04,0.0040708132159423815
2024-06-05,0.011077315431141432
2024-06-06,0.007228780251743672
2024-06-07,-0.013456633556375497
2024-06-10,0.005007062150602204
2024-06-11,0.008832183034567453
2024-06-12,0.007688239517400941
2024-06-13,-0.015704988031357003
2024-06-14,0.009222430057217457
2024-06-17,0.0022985985432260048
2024-06-18,-0.01303266949798354
2024-06-20,0.00714095003279458
2024-06-21,0.014349117946033552
2024-06-24,0.0029401690492645294
2024-06-25,0.026494837640122393
2024-06-26,-0.001131426359954224
2024-06-27,0.008037852215769137
2024-06-28,-0.018409529549706205
2024-07-01,0.005833638177871636
2024-07-02,0.011491109691148083
2024-07-03,0.00417975166528417
2024-07-05,0.024387724655865917
2024-07-08,-0.007709975462540042
2024-07-09,-0.0002099312929368935
2024-07-10,0.01165722841232597
2024-07-11,-0.027821028561808903
2024-07-12,-0.0027763452558405843
2024-07-15,0.007548996026280674
2024-07-16,-0.01429402661330026
2024-07-17,-0.015525563786109253
2024-07-18,-0.01861798701903772
2024-07-19,0.0009483707545019371
2024-07-22,0.022074978697528058
2024-07-23,0.0013636180167757583
2024-07-24,-0.05027236478906483
2024-07-25,-0.029879010935419448
2024-07-26,-0.002837497017840418
2024-07-29,0.014524572411795278
2024-07-30,0.004265643164047317
2024-07-31,0.007506153740789445
2024-08-01,-0.004042606109413427
2024-08-02,-0.02348509829784562
2024-08-05,-0.0460808500273272
2024-08-06,-0.0006224623572618215
2024-08-07,0.0013079947055349983
2024-08-08,0.019222352040464186
2024-08-09,0.009460430894633332
2024-08-12,-0.008706437693898228
2024-08-13,0.012076565464459454
2024-08-14,-0.02350376193343595
2024-08-15,0.007035708876583557
2024-08-16,0.00962185729322762
2024-08-19,0.0222169589244543
2024-08-20,0.0033253072546992613
2024-08-21,-0.007871657461833714
2024-08-22,-0.012766189446326681
2024-08-23,0.011722553829865312
2024-08-26,0.0029863704690984427
2024-08-27,-0.009229927169139618
2024-08-28,-0.011299477346809361
2024-08-29,-0.006686980296440104
2024-08-30,0.010465173979680387
2024-09-03,-0.0393674812947038
2024-09-04,-0.005044207629674502
2024-09-05,0.005006213406177018
2024-09-06,-0.04079450519110894
2024-09-09,-0.015730984121256286
2024-09-10,0.003142987755726079
2024-09-11,0.014265785724462798
2024-09-12,0.02228064587343037
2024-09-13,0.018194687642780316
2024-09-16,0.003914792977026904
2024-09-17,0.008113826877192976
2024-09-18,0.0033065522192419206
2024-09-19,0.015111128862392853
2024-09-20,0.008576354195248381
2024-09-23,-0.009535823993187753
2024-09-24,0.003495346087318385
2024-09-25,-0.003972101578079812
2024-09-26,0.005153629383653602
2024-09-27,0.00891162311366478
2024-09-30,0.01149485551948648
2024-10-01,0.007356987695403605
2024-10-02,-0.006590722517991754
2024-10-03,-0.0005976881188455296
2024-10-04,0.008073707002150599
2024-10-07,-0.02473898522813134
2024-10-08,0.007968996279602125
2024-10-09,-0.015932444868453244
2024-10-10,0.0007357686761375604
2024-10-11,0.008211894737763847
2024-10-14,0.01112332736343391
2024-10-15,0.003306162691691039
2024-10-16,-0.000958668613403213
2024-10-17,-0.013374063703114225
2024-10-18,0.0032826169251896076
2024-10-21,0.004543947228433209
2024-10-22,0.006151885142568592
2024-10-23,-0.014027057129161857
2024-10-24,0.00030398589595126424
2024-10-25,0.01495185986754577
2024-10-28,0.008084066339841822
2024-10-29,0.016632964129754457
2024-10-30,0.029216065284961346
2024-10-31,-0.019586708311509993
2024-11-01,-0.00023160926351639688
2024-11-04,-0.011410488981415612
2024-11-05,0.004277029509424102
2024-11-06,0.04037111181151598
2024-11-07,0.02214985425403304
2024-11-08,-0.013276121804179586
2024-11-11,0.011731097416368463
2024-11-12,0.007418915667971371
2024-11-13,-0.015437413211331852
2024-11-14,-0.01739709854539062
2024-11-15,-0.019509478011279002
2024-11-18,0.016734865844317826
2024-11-19,0.015723818679919566
2024-11-20,-0.012529134537389797
2024-11-21,-0.04562111755495535
2024-11-22,-0.015776319885849488
2024-11-25,0.017169650932870484
2024-11-26,0.007023656992115157
2024-11-27,0.0011721860847211385
2024-11-29,-0.0019318065800699724
2024-12-02,0.014605006192105918
2024-12-03,0.0002311321299421909
2024-12-04,0.01774359533622394
2024-12-05,-0.010108525903381183
2024-12-06,0.012506583769570145
2024-12-09,0.0045946992102254836
2024-12-10,0.05324678734953969
2024-12-11,0.054575721064739735
2024-12-12,-0.015657610512686215
2024-12-13,-0.011620075367163474
2024-12-16,0.035426852730903846
2024-12-17,-0.005248397721382747
2024-12-18,-0.03535910681630927
2024-12-19,-0.0023665962526255857
2024-12-20,0.01718501322960342
2024-12-23,0.01570292003362339
2024-12-24,0.008061643884962999
2024-12-26,-0.0023790161823440403
2024-12-27,-0.01552516585520991
2024-12-30,-0.00695721931436144
2024-12-31,-0.011676761510567402
2025-01-02,0.0009978242257795422
2025-01-03,0.013114174141882096
2025-01-06,0.025009176873943995
2025-01-07,-0.006314410389613667
2025-01-08,-0.006710560554097578
2025-01-10,-0.011361760947657285
2025-01-13,-0.004555665131717568
2025-01-14,-0.006448561287831778
2025-01-15,0.03103888738035976
2025-01-16,-0.013046878847171595
2025-01-17,0.016151457144303105
2025-01-21,0.010528974510933153
2025-01-22,0.0020038034053817544
2025-01-23,-0.0022497803239635017
2025-01-24,0.011624248750740751
2025-01-27,-0.04026724211787103
2025-01-28,0.017030468450556002
2025-01-29,0.0005581009924477964
2025-01-30,0.027639779013781673
2025-01-31,0.01465722300811656
2025-02-03,-0.014396894653642023
2025-02-04,0.0250196945681318
2025-02-05,-0.0693754054377782
2025-02-06,5.153108868993783e-05
2025-02-07,-0.031917537356923265
2025-02-10,0.005664075587056727
2025-02-11,-0.0060039720930816776
2025-02-12,-0.008767004243697363
2025-02-13,0.013212601803805013
2025-02-14,-0.0053757797131179785
2025-02-18,-0.005725892260579624
2025-02-19,0.007158292636183949
2025-02-20,-0.002618612216723659
2025-02-21,-0.02711101246676817
2025-02-24,-0.0021477122963184936
2025-02-25,-0.021082954217501504
2025-02-26,-0.015053353856399276
2025-02-27,-0.025701023460208305
2025-02-28,0.011808917716658929
2025-03-03,-0.020671276879789535
2025-03-04,0.023419924079988164
2025-03-05,0.013788364415868948
2025-03-06,-0.004457362199358328
2025-03-07,0.008839842185509816
2025-03-10,-0.044090065050901295
2025-03-11,-0.010905253229738787
2025-03-12,0.01819511870718893
2025-03-13,-0.025266445759437595
2025-03-14,0.017543990267567366
2025-03-17,-0.006264075855599849
2025-03-18,-0.023413716194941814
2025-03-19,0.0221921499492872
2025-03-20,-0.007397054583772045
2025-03-21,0.007270309555684529
2025-03-24,0.02213541534588237
2025-03-25,0.016830392339863165
2025-03-26,-0.032698610201931655
2025-03-27,-0.018307963316014364
2025-03-28,-0.04887866675960262
2025-03-31,0.0010894367661036242
2025-04-01,0.016962195390250345
2025-04-02,-0.00012582599846888698
2025-04-03,-0.03921690866449967
2025-04-04,-0.032038381492671686
2025-04-07,0.01015298430372269
2025-04-08,-0.017823636112986985
2025-04-09,0.09878565528239847
2025-04-10,-0.03532848213296458
2025-04-11,0.025938064435918173
2025-04-14,0.01298618236265181
2025-04-15,-0.017278681075331037
2025-04-16,-0.020040342121596
2025-04-17,-0.013762040886144189
2025-04-21,-0.022822112677858497
2025-04-22,0.02695854674851228
2025-04-23,0.024821390860152892
2025-04-24,0.023776095578339262
2025-04-25,0.014739672853224528
2025-04-28,-0.008727412360971076
2025-04-29,-0.00221654250706127
2025-04-30,-0.00721960051821291
2025-05-01,0.011809281073067224
2025-05-02,0.018551572100965474
2025-05-05,0.001447452705141572
2025-05-06,-0.005118912416686383
2025-05-07,-0.07506048527607745
2025-05-08,0.01930604702812677
2025-05-09,-0.008796034313609202
2025-05-12,0.0336831549667036
2025-05-13,0.008209005552599846
2025-05-14,0.036795304873627144
2025-05-15,-0.008452702839318538
2025-05-16,0.01227318161561497
2025-05-19,0.002628094422775673
2025-05-20,-0.01519033512838397
2025-05-21,0.028671713223518358
2025-05-22,0.011290052425119379
2025-05-23,-0.013896936462538978
2025-05-27,0.025885915497541268
2025-05-28,-0.0034486590217588375
2025-05-29,-0.0024222473971052816
2025-05-30,-0.00063606093208457
2025-06-02,-0.014347797319358091
2025-06-03,-0.0156130742084446
2025-06-04,0.010017289660592787
2025-06-05,0.0024793941933574093
2025-06-06,0.030092543063152455
2025-06-09,0.016713462761433595
2025-06-10,0.013398582351886956
2025-06-11,-0.006777356514522825
2025-06-12,-0.010179478200039949
2025-06-13,-0.006159268463896583
2025-06-16,0.011712495888542396
2025-06-17,-0.003990026096476251
2025-06-18,-0.01833786216584432
2025-06-20,-0.03592369727101741
2025-06-23,-0.010254482838642276
2025-06-24,0.010421049854754116
2025-06-25,0.022356006771587555
2025-06-26,0.01714380718560915
2025-06-27,0.022014663918652255
2025-06-30,-0.00493640505749815
2025-07-01,-0.002705871578179919
2025-07-02,0.01610980606675394
2025-07-03,0.00439487463951016
2025-07-07,-0.01656043187542411
2025-07-08,-0.013516747412083419
2025-07-09,0.014272711346590361
2025-07-10,0.005853854878801412
2025-07-11,0.014605463293802634
2025-07-14,0.00827308266917548
2025-07-15,0.001586428082624991
2025-07-16,0.0036591454383825273
2025-07-17,0.005060798827476454
2025-07-18,0.006713533731237398
2025-07-21,0.028019756271461693
2025-07-22,0.005022176996051897
2025-07-23,-0.003123195408941015
2025-07-24,0.008824699820683568
2025-07-25,0.004554853248841972
2025-07-28,-0.00340076881801743
2025-07-29,0.015562066699457144
2025-07-30,0.005141854088928088
2025-07-31,-0.02319699542732856
2025-08-01,-0.015088717792450468
2025-08-04,0.030534470525016344
2025-08-05,-0.00219675709434497
2025-08-06,0.00819174959455582
2025-08-07,0.0018281133349398182
2025-08-08,0.02438161894160884
2025-08-11,-0.002276197180003825
2025-08-12,0.01254775931892893
2025-08-13,-0.005534956824666759
2025-08-14,0.0038910866790786702
2025-08-15,0.0053478844472312215
2025-08-18,-0.003025917691571456
2025-08-19,-0.008810811746719605
2025-08-20,-0.011358654895454179
2025-08-21,0.0021479590564523754
2025-08-22,0.030405770527117904
2025-08-25,0.011803401430535265
2025-08-26,-0.00578508464004468
2025-08-27,0.0012503876857172802
2025-08-28,0.019979747850516594
2025-08-29,0.005462229558998999
2025-09-02,-0.007211974584155678
2025-09-03,0.09014563328749303
2025-09-04,0.006750330595849174
2025-09-05,0.010788238371892245
2025-09-08,-0.0034048161101740693
2025-09-09,0.02468399060156523
2025-09-10,-0.0015837396186438868
2025-09-11,0.005092622571943872
2025-09-12,0.0024920147323748143
2025-09-15,0.04300263938934301
2025-09-16,-0.0013504182541206333
2025-09-17,-0.006244554026491156
2025-09-18,0.009925949402432188
2025-09-19,0.011532565093870684
2025-09-22,-0.00924624379400063
2025-09-23,-0.002135442778294694
2025-09-24,-0.017872725084642882
2025-09-25,-0.005084108475713833
2025-09-26,0.002473950553376847
2025-09-29,-0.011408732184977288
2025-09-30,-0.0033146599890976347
2025-10-01,0.008170676207863936
2025-10-02,0.0036246535005710623
2025-10-03,8.12640438887513e-05
2025-10-06,0.020531501877115055
2025-10-07,-0.017414736531695008
2025-10-08,-0.0067575669614157174
2025-10-09,-0.01324048122659216
2025-10-10,-0.019487252043232317
2025-10-13,0.030106444244319297
2025-10-14,0.006335946493839284
2025-10-15,0.022421656470588802
2025-10-16,0.0006754344086210562
2025-10-17,0.007582924629080612
2025-10-20,0.012727111065565788
2025-10-21,-0.02209949092290897
2025-10-22,0.004734635791862285
2025-10-23,0.004751884308900944
2025-10-24,0.026721309113036273
2025-10-27,0.036159858306715975
2025-10-28,-0.005556993873069627
2025-10-29,0.025108936360739076
2025-10-30,0.024457670844261425
2025-10-31,-0.0002838304146377535
2025-11-03,0.008161219755471683
2025-11-04,-0.02132901161051981
2025-11-05,0.024059541276791885
2025-11-06,0.002072123968974937
2025-11-07,-0.019765964444189987
2025-11-10,0.038934528897604403
2025-11-11,0.00395745720344598
2025-11-12,-0.014773391701700445
2025-11-13,-0.028911378698471157
2025-11-14,-0.007666960083925423
2025-11-17,0.03112141255918699
2025-11-18,-0.002240905301315377
2025-11-19,0.028179293237585945
2025-11-20,-0.010273193661704871
2025-11-21,0.03334696235488388
2025-11-24,0.06280670637722574
2025-11-25,0.01623382300579901
2025-11-26,-0.010382018380091229
2025-11-28,-0.0004994455275741938
2025-12-01,-0.015619199455573218
2025-12-02,0.002856111963084551
2025-12-03,0.014556008342449855
2025-12-04,-0.006955238144044529
2025-12-05,0.01162097549270169
2025-12-08,-0.023083064930204067
2025-12-09,0.010494492538002831
2025-12-10,0.010228164829270359
2025-12-11,-0.022741409638001087
2025-12-12,-0.010137196228924061
2025-12-15,-0.003864406252255592
2025-12-16,-0.005140370163986718
2025-12-17,-0.0314235796630824
2025-12-18,0.019090137258257256
2025-12-19,0.015999952485654667
2025-12-22,0.008813624547362231
2025-12-23,0.013972370333274142
2025-12-24,-3.157690817512382e-05
2025-12-26,-0.0022492961323652416
2025-12-29,-0.0018096291493199246
2025-12-30,0.0005087624137882774
2025-12-31,-0.002384358422108379
2026-01-02,0.00484393885476031
2026-01-05,0.006342761849598588
2026-01-06,-0.008729445581772688
2026-01-07,0.025051705815587022
2026-01-08,0.011103153492846518
2026-01-09,0.009601070435174774
2026-01-12,0.010907083919032612
2026-01-13,0.011120144706620927
2026-01-14,-0.00035673360352384
2026-01-15,-0.009366303220121885
2026-01-16,-0.008464374733953894
2026-01-20,-0.024762388205757824
2026-01-21,0.019307280369007973
2026-01-22,0.007491241083485312
2026-01-23,-0.007284427715021913
2026-01-26,0.01571104751457897
2026-01-27,0.004226686107418498
2026-01-28,0.003820975496084733
2026-01-29,0.007077477906068275
2026-01-30,-0.00038390908108398847
2026-02-02,0.018816601900031982
2026-02-03,-0.01217737030115662
2026-02-04,-0.021602628911293054
2026-02-05,-0.006029966556141075
2026-02-06,-0.024839105348493762
2026-02-09,0.004023407574669902
2026-02-10,-0.01778657896148228
2026-02-11,-0.0229107532303221
2026-02-12,-0.006295585910341184
2026-02-13,-0.010828318904898437
2026-02-17,-0.010456850864501432
2026-02-18,0.0036986186700826984
2026-02-19,-0.00125039537000593
2026-02-20,0.03735676209430516
2026-02-23,-0.01019372644011629
2026-02-24,-0.002470297035045088
2026-02-25,0.0067862667714364555
2026-02-26,-0.018784087850988618
2026-02-27,0.013934444834244442
2026-03-02,-0.016279810482230372
2026-03-03,-0.009139553884452645
2026-03-04,-0.00036222150570319744
2026-03-05,-0.008370489773762313
2026-03-06,-0.008673745513903985
2026-03-09,0.026569241637934393
2026-03-10,0.0030064495527271085
2026-03-11,0.004854497480913711
2026-03-12,-0.016892558953998438
2026-03-13,-0.005771544507917725
2026-03-16,0.009818876037095414
2026-03-17,0.016391831706994653
2026-03-18,-0.01005147601612666
2026-03-19,-0.0018608793657567402
2026-03-20,-0.02269969963937335
2026-03-23,0.0007697488595914681
2026-03-24,-0.032840655378410966
2026-03-25,0.001348489924784424
2026-03-26,-0.03056041388461672
2026-03-27,-0.024862888681608908
2026-03-30,-0.0022645603394441105
2026-03-31,0.05023041557138064
2026-04-01,0.02802767211481716
2026-04-02,-0.0014920416673358528
2026-04-06,0.010867398479060153
2026-04-07,0.021064243283294593
2026-04-08,0.03556746790151144
2026-04-09,0.0051788697841175235
2026-04-10,-0.0020545970558791815
2026-04-13,0.011054158583014395
2026-04-14,0.035619136960600484
2026-04-15,0.011767271108557464
2026-04-16,-0.005082761484220821
2026-04-17,0.01992373591190466
2026-04-20,-0.011785487702563602
2026-04-21,-0.014698836648810332
2026-04-22,0.02196867828162441
2026-04-23,5.9169964819139054e-05
2026-04-24,0.013530755116971882
2026-04-27,0.018111647806745346
2026-04-28,-0.0029266101287310775
2026-04-29,-0.0005467504137998125
2026-04-30,0.09970914350416105
2026-05-01,0.003351342469023688
2026-05-04,-0.009341827053488516
2026-05-05,0.012195585237421369
2026-05-06,0.028287486820154584
2026-05-07,0.0004048944908057184
2026-05-08,0.004427069645203785
2026-05-11,-0.025891021375339718
2026-05-12,-0.007627210902841353
2026-05-13,0.03965403564314318
2026-05-14,-0.004686279614683708
2026-05-15,-0.009693572956255503
2026-05-18,-0.0005339413205247556
2026-05-19,-0.020884737645243123
2026-05-20,0.0
2026-05-21,-0.0037152767496154704
2026-05-22,-0.010665714516337577
2026-05-26,0.014391849346479635
2026-05-27,-2.5963353560087832e-05
2026-05-28,0.0033521385942330006
2026-05-29,-0.025095821127353757
2026-06-01,-0.010227655621712017
2026-06-02,-0.03808580054754018
2026-06-03,-0.007561570443288423
2026-06-04,0.03820845670084805
2026-06-05,-0.009505163997198252
2026-06-08,-0.01195489415253359
2026-06-09,0.003101003023469495
2026-06-10,-0.024759232210004534
2026-06-11,0.009170206112698587
2026-06-12,0.004487341662657185
2026-06-15,0.024988717723801512
2026-06-16,0.010868803005908978
2026-06-17,-0.024252249530048453
2026-06-18,0.014802495784347558
2026-06-22,-0.05083545684796387
2026-06-23,-0.00774133977176894
2026-06-24,-0.00300494370815263
2026-06-25,-0.00825998129381389
2026-06-26,-0.02191759893060674
2026-06-29,0.04956821651665
2026-06-30,0.005835729390108568
2026-07-01,0.012905857660125086
2026-07-02,-0.004778010689835854
2026-07-06,0.024481954063767297
2026-07-07,-0.003507741258159003
2026-07-08,-0.013503149729957142
2026-07-09,-0.006885832245853929
2026-07-10,-0.0033965391526508126
2026-07-13,-0.012280584806136252
2026-07-14,0.018992101573589437
2026-07-15,0.036045113265156914
2026-07-16,-0.04429913958147913
2026-07-17,-0.021734792412026693
2026-07-20,0.015168115336965604
2026-07-21,-0.014742284652599302
2026-07-22,-0.01236314893168089
2026-07-23,-0.06893629920515798
2026-07-24,0.002355966374527396
2026-07-27,0.023441699650986303
2026-07-28,0.018464662253580233
2026-07-29,0.009500929434757222
2026-07-30,-0.0061949718082124905
2026-07-31,0.06883844431355479
2026-08-03,0.04435717573020237
2026-08-04,0.007732198382281563
2026-08-05,-0.040548789491655524
2026-08-06,-0.009746559932923393
2026-08-07,-0.008832911947808109
2026-08-10,0.006704973395225355
2026-08-11,-0.03608362082282068
2026-08-12,-0.001836783969419109
2026-08-13,0.004585737449428029
2026-08-14,-0.0011630205113880576
2026-08-17,-0.006083655597892035
2026-08-18,-0.000497970956165994
2026-08-19,0.0012307836024727514
2026-08-20,-0.010242938910388077
2026-08-21,0.010496663280044283
2026-08-24,0.008310191634532726
2026-08-25,-0.0036274617276778054
2026-08-26,-0.012349258658471696
2026-08-27,-0.004099178525307945
2026-08-28,0.015309025734112192
2026-08-31,-0.021786034843334634
2026-09-01,-0.010077220695903999
2026-09-02,0.005270626971645154
2026-09-03,0.015878656277964254
2026-09-04,-0.01047626732700735
2026-09-08,0.00020878388574296913
2026-09-09,-0.020871846556403728
2026-09-10,0.006120987075148854
2026-09-11,0.015315225443414127
